date,open,high,low,close,volume
2021-03-29,100.743,102.09,99.9105,101.921,26588658
2021-03-30,102.278,102.761,101.44,101.955,27416147
2021-03-31,102.349,103.936,101.981,102.753,42723959
2021-04-01,104.235,106.403,104.194,106.104,40024669
2021-04-05,106.97,111.046,106.873,110.547,48685452
2021-04-06,110.147,110.998,109.692,110.064,35368531
2021-04-07,110.256,111.819,110.256,111.548,24221407
2021-04-08,112.791,113.179,111.746,112.115,28768190
2021-04-09,111.866,113.287,111.459,113.124,26240079
2021-04-12,112.299,112.437,110.989,111.825,25114373
2021-04-13,112.143,112.764,111.747,112.314,25774658
2021-04-14,112.963,112.963,111.397,111.69,21078997
2021-04-15,112.689,114.385,112.152,113.85,29280742
2021-04-16,114.048,114.297,113.136,113.726,26378057
2021-04-19,113.099,114.789,113.099,114.074,30399202
2021-04-20,114.459,114.535,112.449,113.538,22369117
2021-04-21,113.192,113.588,111.835,113.505,23288297
2021-04-22,113.359,114.031,111.612,112.219,24233049
2021-04-23,112.941,114.889,112.653,114.581,29216610
2021-04-26,114.809,115.807,114.451,115.079,32153980
2021-04-27,115.464,115.504,113.895,114.135,44546502
2021-04-28,119.193,121.13,117.236,117.526,81400820
2021-04-29,119.031,119.774,118.263,119.206,41382554
2021-04-30,117.973,118.661,116.904,117.25,45019370
2021-05-03,117.818,118.647,116.353,116.731,28345162
2021-05-04,115.26,115.829,112.427,114.925,44981112
2021-05-05,116.012,116.328,114.997,115.32,26732738
2021-05-06,114.899,116.445,114.238,116.445,25281777
2021-05-07,117.768,118.134,116.885,117.171,29001995
2021-05-10,115.987,116.129,113.815,114.174,31026648
2021-05-11,111.749,113.602,111.292,113.093,34309767
2021-05-12,110.908,111.993,109.285,109.614,46543595
2021-05-13,110.904,111.568,109.938,111.049,33340827
2021-05-14,112.52,113.824,112.094,113.507,32112570
2021-05-17,112.77,114.075,112.369,114.033,21675672
2021-05-18,114.702,114.967,112.701,112.715,22284190
2021-05-19,111.02,113.338,110.87,113.165,23769957
2021-05-20,114.136,115.182,113.764,114.931,32468275
2021-05-21,115.452,115.526,114.051,114.292,40779094
2021-05-24,115.326,117.85,115.18,117.626,31947594
2021-05-25,118.172,118.769,117.325,117.717,22520985
2021-05-26,117.898,119.018,117.895,118.586,21650160
2021-05-27,119.022,119.022,117.387,117.708,35351710
2021-05-28,118.292,118.375,117.217,117.416,21568706
2021-06-01,118.293,118.855,117.289,118.629,23442695
2021-06-02,119.027,119.25,117.193,118.102,21239637
2021-06-03,116.863,117.425,116.055,116.955,18763694
2021-06-04,118.036,119.518,117.694,119.247,24546863
2021-06-07,119.041,119.791,118.62,119.681,24206754
2021-06-08,120.165,120.539,119.307,119.489,24327711
2021-06-09,120.135,120.208,119.412,119.963,18006078
2021-06-10,119.912,121.36,119.755,121.316,26001417
2021-06-11,121.56,121.645,120.511,121.071,22037740
2021-06-14,121.174,122.004,120.463,122.004,22177665
2021-06-15,122.008,122.332,120.619,120.981,21640304
2021-06-16,121.133,121.446,119.039,120.336,26567823
2021-06-17,120.261,122.08,120.064,121.304,25942584
2021-06-18,120.928,121.164,119.581,119.677,46282372
2021-06-21,120.065,121.56,119.465,121.372,27513037
2021-06-22,121.31,121.958,120.627,121.888,22471366
2021-06-23,121.652,122.65,121.394,121.686,19223595
2021-06-24,122.257,122.611,121.858,122.058,21442590
2021-06-25,121.56,122.19,121.126,122.066,34721795
2021-06-28,122.236,122.341,120.967,122.094,28628827
2021-06-29,122.227,122.577,121.251,121.83,23192491
2021-06-30,121.554,121.815,120.915,121.649,24562700
2021-07-01,121.285,122.144,121.093,122.002,18178480
2021-07-02,122.705,124.951,122.615,124.805,26096440
2021-07-06,125.195,125.972,124.133,125.734,26499295
2021-07-07,126.703,126.825,125.697,126.018,24146236
2021-07-08,123.578,125.142,123.574,124.592,23875578
2021-07-09,124.574,125.28,124.101,125.065,18699221
2021-07-12,125.722,126.61,125.158,126.517,17731827
2021-07-13,126.579,127.595,126.216,126.882,19316712
2021-07-14,127.496,128.859,127.452,127.774,23831740
2021-07-15,128.185,128.235,126.074,126.546,24306595
2021-07-16,127.202,127.35,125.698,126.511,20498581
2021-07-19,125.634,125.749,123.059,124.128,28068965
2021-07-20,125.075,126.584,123.901,125.754,26411839
2021-07-21,125.678,127.135,125.568,127.088,20821387
2021-07-22,127.382,128.019,127.038,127.957,14353725
2021-07-23,129.958,132.917,129.331,132.535,41656884
2021-07-26,132.847,133.752,131.824,133.551,30682304
2021-07-27,133.766,133.914,129.634,131.423,54907807
2021-07-28,135.82,137.797,134.79,135.603,95475458
2021-07-29,135.659,136.167,135.054,135.287,31830692
2021-07-30,134.547,134.816,133.77,134.241,25668494
2021-08-02,134.629,134.847,133.311,134.366,21712626
2021-08-03,134.647,135.241,132.839,135.14,20837143
2021-08-04,134.86,135.159,134.001,134.638,19747347
2021-08-05,135.189,135.858,134.359,135.76,17933776
2021-08-06,135.551,135.979,134.722,135.247,20562391
2021-08-09,135.451,136.688,134.85,136.419,17830403
2021-08-10,136.846,137.275,135.871,136.313,19484458
2021-08-11,136.686,137.185,135.78,135.787,15407652
2021-08-12,135.485,136.804,134.937,136.698,16578742
2021-08-13,136.754,137.359,136.539,137.231,16005251
2021-08-16,137.028,137.862,134.81,137.81,22479556
2021-08-17,137.253,137.766,135.591,136.168,21793919
2021-08-18,136.007,136.609,134.833,134.96,19328755
2021-08-19,133.95,135.861,133.765,135.189,21861503
2021-08-20,135.509,137.057,134.762,136.933,31306238
2021-08-23,137.47,140.366,137.111,139.535,28556546
2021-08-24,140.104,141.567,139.831,140.752,19337065
2021-08-25,141.114,141.676,140.866,141.566,15908943
2021-08-26,141.237,141.903,140.847,140.929,20684030
2021-08-27,141.14,143.99,140.986,143.484,28884531
2021-08-30,143.878,145.443,143.642,144.068,24522776
2021-08-31,144.623,144.647,143.76,144.175,22530139
2021-09-01,144.476,145.725,144.361,144.692,22015620
2021-09-02,144.692,144.993,142.667,142.769,32475441
2021-09-03,142.564,143.634,141.887,143.221,19926334
2021-09-07,143.315,144.043,143.1,143.76,20204880
2021-09-08,143.579,143.878,142.484,143.172,18416741
2021-09-09,143.321,143.789,142.661,143.022,15372626
2021-09-10,143.691,144.195,140.23,140.368,36972886
2021-09-13,141.437,142.434,140.74,141.818,22173932
2021-09-14,142.479,142.845,141.237,142.029,19745179
2021-09-15,142.256,143.928,140.838,143.908,27506935
2021-09-16,143.43,143.779,141.888,143.091,26290381
2021-09-17,142.515,142.932,139.963,140.292,53577984
2021-09-20,137.663,138.498,135.83,138.218,46686672
2021-09-21,139.244,139.506,137.778,138.531,25423730
2021-09-22,138.801,140.378,138.052,139.777,25146388
2021-09-23,140.478,141.184,139.895,140.706,21026949
2021-09-24,140.031,141.816,139.734,141.702,23067218
2021-09-27,140.296,141.425,139.562,140.562,21961284
2021-09-28,138.154,138.594,134.871,135.339,45938128
2021-09-29,136.486,136.655,133.382,133.869,30960529
2021-09-30,133.777,135.053,133.073,133.193,38166658
2021-10-01,133.962,136.416,133.589,136.049,35488364
2021-10-04,135.469,135.469,130.577,133.177,51387552
2021-10-05,133.557,136.728,133.557,135.532,32520725
2021-10-06,134.264,137.253,134.064,137.068,24452602
2021-10-07,138.39,139.536,138.15,138.722,25201166
2021-10-08,139.073,139.824,138.715,139.281,26621998
2021-10-11,138.789,140.204,138.357,138.412,18018703
2021-10-12,138.976,139.003,135.269,135.956,36463948
2021-10-13,136.905,137.501,136.025,137.085,19733597
2021-10-14,138.97,140.827,138.323,140.641,32043682
2021-10-15,141.103,141.206,140.247,140.858,30384187
2021-10-18,140.566,142.28,140.559,142.262,20470098
2021-10-19,142.87,143.143,142.085,142.719,20236092
2021-10-20,142.82,143.027,140.867,141.256,23372481
2021-10-21,141.256,141.643,139.993,141.373,26387572
2021-10-22,138.647,140.075,135.565,137.069,50772350
2021-10-25,137.053,137.501,134.935,136.95,34537007
2021-10-26,138.761,139.577,137.805,138.805,49413501
2021-10-27,138.901,148.113,138.901,145.689,86092366
2021-10-28,146.602,146.626,144.105,145.322,36337631
2021-10-29,144.554,147.707,144.128,147.511,43477340
2021-11-01,147.511,147.511,142.708,142.978,47093341
2021-11-02,144.058,146.08,143.815,144.906,33603616
2021-11-03,145.374,146.14,144.069,146.069,27592905
2021-11-04,146.592,149.193,145.779,147.732,38550504
2021-11-05,148.632,149.785,147.662,148.314,38493779
2021-11-08,149.284,150.071,147.895,148.493,23136067
2021-11-09,148.694,149.293,146.713,148.38,19600537
2021-11-10,146.968,147.535,144.016,145.367,30078443
2021-11-11,145.961,147.004,145.074,145.24,16577357
2021-11-12,146.087,148.312,144.886,148.141,22441057
2021-11-15,148.363,149.01,147.042,147.915,23592255
2021-11-16,147.615,148.224,146.78,147.341,18972528
2021-11-17,147.493,148.023,146.708,147.512,19670550
2021-11-18,147.707,150.036,147.349,149.297,35757375
2021-11-19,149.433,150.421,148.361,148.388,33821543
2021-11-22,148.792,149.289,145.619,145.773,30740233
2021-11-23,145.625,146.131,143.594,145.256,27329875
2021-11-24,144.948,145.72,143.851,145.592,18105537
2021-11-26,143.827,144.036,141.329,141.67,30579694
2021-11-29,143.48,145.768,143.375,145.005,32713200
2021-11-30,144.484,145.473,141.091,141.384,42219717
2021-12-01,143.48,145.423,140.402,140.542,34178693
2021-12-02,140.74,143.345,139.707,142.45,29300674
2021-12-03,143.162,143.878,139.794,141.489,41379623
2021-12-06,142.524,143.334,139.643,142.639,30729093
2021-12-07,145.07,146.999,144.704,146.738,32357174
2021-12-08,147.063,147.858,145.877,147.651,24358302
2021-12-09,147.058,148.562,146.583,147.105,23354075
2021-12-10,148.163,148.44,146.174,147.467,24551439
2021-12-13,147.248,147.435,144.991,145.299,27167529
2021-12-14,143.448,143.958,140.705,143.388,38585611
2021-12-15,142.891,146.191,141.166,145.912,36502306
2021-12-16,146.638,147.144,143.088,143.923,33772366
2021-12-17,141.985,143.315,140.79,141.213,51202824
2021-12-20,139.614,141.261,138.818,141.096,27290935
2021-12-21,141.541,143.35,139.995,142.954,28859601
2021-12-22,142.552,145.971,142.552,145.886,26417801
2021-12-23,145.971,147.708,145.923,146.386,26479082
2021-12-27,146.724,147.809,146.637,147.371,16042405
2021-12-28,147.701,147.764,145.527,146.157,18320473
2021-12-29,146.115,146.885,145.121,146.126,17851941
2021-12-30,146.164,146.768,145.467,145.671,15744589
2021-12-31,145.523,146.168,144.329,144.329,18200921
2022-01-03,144.531,145.324,143.194,144.468,28782904
2022-01-04,144.871,145.956,143.197,143.878,28502390
2022-01-05,143.898,143.977,137.191,137.278,54816276
2022-01-06,136.504,139.435,136.064,137.251,37482808
2022-01-07,137.647,137.948,135.275,136.523,29868445
2022-01-10,134.59,138.318,132.683,138.169,44569103
2022-01-11,137.508,139.709,136.198,139.231,28833848
2022-01-12,140.64,142.093,140.186,140.919,26206698
2022-01-13,141.029,142.334,137.909,138.087,31550560
2022-01-14,136.584,140.234,136.504,138.976,29768805
2022-01-18,135.683,136.636,134.949,135.507,35014572
2022-01-19,136.029,137.461,134.528,134.628,28751490
2022-01-20,135.758,137.129,132.485,132.827,30015556
2022-01-21,132.115,134.378,129.616,129.881,55853162
2022-01-24,125.523,130.729,124.05,130.332,76972264
2022-01-25,128.275,128.932,126.045,126.476,47130796
2022-01-26,130.645,132.52,126.683,128.766,49307599
2022-01-27,130.829,132.173,128.466,128.539,32134851
2022-01-28,129.19,132.874,128.021,132.869,34486043
2022-01-31,133.677,134.984,131.732,134.815,40130953
2022-02-01,137.097,137.296,133.883,137.147,68892480
2022-02-02,150.704,150.999,144.997,147.465,123645829
2022-02-03,145.18,149.134,142.149,142.574,71776477
2022-02-04,142.927,144.352,140.008,142.775,58208469
2022-02-07,143.729,143.729,138.398,138.698,55172583
2022-02-08,138.524,139.495,136.52,138.895,54480383
2022-02-09,140.454,142.009,139.68,141.081,40289405
2022-02-10,139.199,140.973,137.458,138.12,39473237
2022-02-11,138.1,138.653,132.918,133.797,40103193
2022-02-14,132.776,135.808,132.776,135.037,34425424
2022-02-15,137.073,137.609,135.331,136.114,26808091
2022-02-16,136.152,137.587,134.436,137.241,25112004
2022-02-17,135.751,136.618,132,132.061,39090695
2022-02-18,132.985,133.586,129.726,129.932,45784815
2022-02-22,129.369,131.702,127.76,129.345,45153835
2022-02-23,131.173,131.574,127.067,127.127,32904872
2022-02-24,124.502,132.52,124.502,132.211,54652485
2022-02-25,133.069,134.784,131.277,133.974,36537955
2022-02-28,132.569,135.261,132.113,134.569,39005307
2022-03-01,134.39,135.764,132.737,133.578,26591408
2022-03-02,134.142,134.774,132.591,134.086,23605061
2022-03-03,135.519,135.946,132.545,133.416,24692429
2022-03-04,132.448,133.369,129.867,131.429,30561026
2022-03-07,131.013,131.26,125.839,125.922,45276478
2022-03-08,125.794,130.776,125.221,126.645,40573652
2022-03-09,130.776,133.253,129.432,132.938,37159620
2022-03-10,130.792,132.791,130.44,131.952,27199645
2022-03-11,133.006,133.313,129.163,129.401,31640726
2022-03-14,129.78,129.937,124.822,125.496,38951954
2022-03-15,126.517,129.385,125.266,128.731,31031606
2022-03-16,130.261,132.852,128.269,132.8,35705950
2022-03-17,132.668,133.596,131.707,133.356,28366379
2022-03-18,132.942,135.752,131.78,135.635,44728459
2022-03-21,135.673,136.555,133.608,135.611,26928947
2022-03-22,135.611,140.54,135.611,139.363,35624214
2022-03-23,138.202,139.084,137.338,137.776,25244583
2022-03-24,138.697,141.108,137.254,141.061,26492250
2022-03-25,141.403,141.522,139.233,141.161,24230601
2022-03-28,140.391,141.489,139.306,140.945,35176317
2022-03-29,142.131,143.275,141.525,141.991,34441422
2022-03-30,141.945,142.204,141.089,141.425,19956844
2022-03-31,141.54,141.595,138.522,138.566,37660750
2022-04-01,138.996,139.964,137.808,139.644,26035480
2022-04-04,139.851,143.193,139.803,142.456,26064986
2022-04-05,142.353,142.474,139.875,140.083,21495762
2022-04-06,138.249,138.857,135.028,136.054,32586181
2022-04-07,135.519,136.668,133.742,135.397,26328699
2022-04-08,135.095,135.179,132.486,132.807,25233945
2022-04-11,131.348,131.615,128.203,128.358,37016764
2022-04-12,131.125,131.125,126.331,127.253,32829279
2022-04-13,127.538,129.863,127.28,129.425,28028479
2022-04-14,130.008,130.008,126.143,126.272,31712525
2022-04-18,126.541,127.749,125.726,127.215,20884093
2022-04-19,127.23,129.862,126.54,129.54,26585788
2022-04-20,130.42,130.924,127.039,127.578,31810359
2022-04-21,128.783,129.628,124.077,124.363,36577277
2022-04-22,124.549,124.949,118.496,119.204,57089929
2022-04-25,118.67,122.833,118.083,122.629,46295479
2022-04-26,121.852,122.068,118.083,118.222,73319711
2022-04-27,114.055,116.819,112.33,113.881,92153438
2022-04-28,115.995,119.217,113.703,118.094,49061851
2022-04-29,116.312,117.494,113.403,113.698,42830704
2022-05-02,112.995,116.324,112.193,116.162,35661830
2022-05-03,116.011,118.014,115.615,116.91,25057869
2022-05-04,116.609,122.41,114.701,121.819,50096227
2022-05-05,119.77,120.602,114.591,116.085,46006756
2022-05-06,114.768,117.146,113.604,115.328,39853531
2022-05-09,112.841,114.662,111.597,112.105,40950774
2022-05-10,115.091,115.83,112.494,113.982,40045022
2022-05-11,112.827,115.944,112.827,113.192,37670807
2022-05-12,110.976,113.882,109.428,112.437,54031341
2022-05-13,114.119,117.449,113.195,115.631,35165498
2022-05-16,114.541,115.75,113.478,114.032,26084657
2022-05-17,116.418,116.478,114.455,116.052,23136730
2022-05-18,114.585,114.983,111.153,111.495,35253315
2022-05-19,111.029,112.601,109.602,109.985,34268176
2022-05-20,111.547,111.779,105.414,108.515,49140455
2022-05-23,109.192,111.743,108.348,111.085,37319739
2022-05-24,105.39,106.073,101.517,105.588,77058114
2022-05-25,104.607,106.115,103.482,105.423,40403276
2022-05-26,105.295,108.256,104.845,107.402,38084782
2022-05-27,109.087,111.912,108.744,111.91,38051562
2022-05-31,112.339,115.317,111.674,113.351,50193559
2022-06-01,114.44,116.679,112.841,113.48,36738218
2022-06-02,113.588,117.473,112.538,117.197,38130005
2022-06-03,115.642,115.902,113.108,114.127,26230203
2022-06-06,116.284,118.916,115.744,116.398,33663131
2022-06-07,115.063,117.266,114.637,116.726,31704978
2022-06-08,116.34,118.142,116.179,116.771,26202383
2022-06-09,115.908,117.871,114.361,114.421,25891480
2022-06-10,112.039,112.87,109.967,110.761,41632215
2022-06-13,106.401,108.399,105.736,106.008,47423212
2022-06-14,106.15,107.534,105.418,106.33,33828448
2022-06-15,108.153,111.021,107.281,109.368,39842089
2022-06-16,106.834,108.255,104.758,105.651,51872323
2022-06-17,105.651,108.306,104.667,106.756,51562765
2022-06-21,108.537,112.083,108.208,111.141,47587687
2022-06-22,110.157,112.937,109.983,111.085,30885699
2022-06-23,111.826,112.335,110.102,111.836,28464734
2022-06-24,112.586,117.653,112.545,117.549,41312902
2022-06-27,117.845,118.152,114.764,115.416,36552788
2022-06-28,115.385,116.887,111.444,111.604,36011032
2022-06-29,111.149,112.751,110.472,111.298,24806420
2022-06-30,109.602,110.487,106.365,108.57,43325552
2022-07-01,107.543,108.855,106.345,108.345,35604262
2022-07-05,106.714,112.968,105.35,112.854,39542467
2022-07-06,112.893,115.172,111.073,114.158,37567072
2022-07-07,114.665,118.759,114.419,118.354,41084276
2022-07-08,116.827,119.253,116.479,118.923,38376777
2022-07-11,117.572,117.572,114.913,115.258,31356961
2022-07-12,115.795,116.551,113.28,113.608,30068306
2022-07-13,111.297,113.784,110.801,110.952,43880516
2022-07-14,109.812,110.692,107.982,109.968,37137179
2022-07-15,111.597,112.731,110.499,111.374,46938662
2022-07-18,112.233,113.27,107.979,108.636,43321063
2022-07-19,110.449,113.608,109.164,113.399,36663373
2022-07-20,112.761,114.983,112.074,113.488,35729481
2022-07-21,113.868,114.136,110.712,113.927,32794620
2022-07-22,110.599,111.934,106.115,107.51,49078455
2022-07-25,108.018,109.474,105.916,107.122,34816651
2022-07-26,106.215,106.813,103.694,104.641,48164935
2022-07-27,108.865,113.498,107.62,112.651,60075488
2022-07-28,111.964,113.927,111.057,113.808,32935531
2022-07-29,112.671,116.284,112.651,115.9,37358329
2022-08-01,114.883,116.298,113.927,114.445,26128664
2022-08-02,113.588,115.93,113.309,114.715,20309386
2022-08-03,115.292,118.192,115.063,117.654,28602325
2022-08-04,117.055,118.351,116.468,117.764,21681237
2022-08-05,115.81,117.679,115.581,117.046,19228975
2022-08-08,117.962,119.716,116.458,116.877,19238970
2022-08-09,116.712,116.897,115.292,116.209,19155655
2022-08-10,118.351,120.483,117.982,119.268,31042475
2022-08-11,120.842,121.051,118.132,118.411,24381720
2022-08-12,119.826,121.241,119.029,121.241,19165493
2022-08-15,120.693,121.858,120.174,121.639,19565495
2022-08-16,121.081,121.988,120.204,121.26,19110256
2022-08-17,119.686,120.851,118.949,119.118,22929780
2022-08-18,118.999,120.383,118.291,119.736,18052867
2022-08-19,118.63,118.719,116.338,116.787,21888589
2022-08-22,114.784,115.212,113.438,113.828,21534430
2022-08-23,113.065,114.595,113.02,113.448,15927904
2022-08-24,113.09,114.365,112.463,113.28,17798913
2022-08-25,113.823,116.298,113.698,116.229,17018264
2022-08-26,114.305,114.705,109.792,109.942,37380716
2022-08-29,109.592,110.549,108.407,109.025,21267977
2022-08-30,109.772,110.101,107.41,108.547,27612993
2022-08-31,110.251,110.449,107.74,107.829,28730747
2022-09-01,107.889,110.046,106.972,109.344,28463737
2022-09-02,110.191,110.34,106.873,107.46,24248296
2022-09-06,106.912,107.64,105.398,106.425,25159155
2022-09-07,106.673,109.582,106.513,109.055,23250949
2022-09-08,107.65,109.204,106.773,107.989,24326159
2022-09-09,108.671,110.589,108.627,110.251,23297736
2022-09-12,110.589,111.217,109.532,110.459,23050008
2022-09-13,107.41,107.909,103.714,103.943,38311251
2022-09-14,104.193,104.895,103.286,104.621,26490819
2022-09-15,103.654,104.89,101.981,102.538,34312219
2022-09-16,101.701,102.757,100.575,102.429,42952316
2022-09-19,101.382,102.957,101.184,102.698,23120321
2022-09-20,101.711,102,100.157,100.775,26613250
2022-09-21,101.302,102.509,98.9114,98.9214,31601409
2022-09-22,98.4631,100.874,98.4331,99.778,34422954
2022-09-23,99.2701,99.3001,97.118,98.3833,31740082
2022-09-26,97.7456,99.5192,97.4467,97.8155,27170803
2022-09-27,99.0709,99.6388,96.5221,97.1478,30181797
2022-09-28,97.2973,100.337,96.7593,99.6887,32584016
2022-09-29,98.2837,98.2837,95.6134,97.0681,31159773
2022-09-30,96.6994,98.5428,95.2149,95.3045,33060909
2022-10-03,96.4105,98.9286,96.1723,98.2837,28083468
2022-10-04,100.077,101.472,100.017,101.272,28955359
2022-10-05,99.4645,101.562,98.4431,101.064,22257296
2022-10-06,100.317,102.553,100.227,101.054,22404915
2022-10-07,99.4893,100.167,97.94,98.3236,27602465
2022-10-10,98.6424,98.737,96.6596,97.5066,18291161
2022-10-11,97.078,98.8865,95.9621,96.829,26603193
2022-10-12,96.9486,98.3933,96.3856,97.2077,21955666
2022-10-13,94.8063,99.4146,94.0427,98.7022,34699885
2022-10-14,99.6288,100.327,96.0219,96.2112,25502790
2022-10-17,98.5029,100.565,98.473,99.6089,28522214
2022-10-18,102.757,103.096,99.6089,100.406,24147893
2022-10-19,99.6487,100.653,98.5628,99.2701,23897381
2022-10-20,99.6388,101.951,99.031,99.6089,25415001
2022-10-21,97.4916,100.944,97.367,100.765,32576388
2022-10-24,101.432,102.379,99.6189,102.149,27274934
2022-10-25,102.528,104.441,102.349,104.103,40758595
2022-10-26,96.0818,97.9549,94.348,94.5871,88599062
2022-10-27,94.1786,95.0853,91.4685,91.8869,60930942
2022-10-28,91.9367,96.2012,91.7972,95.9421,43855693
2022-10-31,95.0753,95.6831,93.6406,94.1687,31789861
2022-11-01,95.1053,95.6831,90.0436,90.1432,47332315
2022-11-02,90.6115,90.8507,86.5662,86.6559,57245051
2022-11-03,86.0081,86.2075,83.039,83.1287,61510194
2022-11-04,85.0916,86.3271,83.4076,86.2672,51310236
2022-11-07,86.9647,88.5789,86.5362,88.1705,34202451
2022-11-08,88.5789,89.9938,87.2738,88.5789,30539333
2022-11-09,88.1305,89.112,86.9647,87.0046,31884265
2022-11-10,91.9168,94.0491,91.2791,93.6007,51807264
2022-11-11,94.348,96.5799,93.5808,96.0618,33210438
2022-11-14,94.7465,96.4404,94.1687,95.3543,30288942
2022-11-15,97.9051,99.778,96.3607,98.0844,41791768
2022-11-16,97.5464,99.2776,97.2874,98.493,29210663
2022-11-17,96.6197,98.9214,96.4404,98.0047,26147042
2022-11-18,98.4133,98.5428,96.0219,97.078,28445040
2022-11-21,96.9386,98.0445,95.0106,95.2547,21725860
2022-11-22,95.6034,96.8688,93.7103,96.6994,23523446
2022-11-23,96.7393,98.4033,96.7393,98.1044,18936490
2022-11-25,97.8852,98.2837,97.0482,97.108,9736609
2022-11-28,96.6859,97.2275,95.2646,95.7031,26347600
2022-11-29,95.3843,95.7728,93.77,94.8462,20134445
2022-11-30,94.4775,100.675,94.079,100.625,43805707
2022-12-01,100.655,101.881,99.8875,100.625,28791089
2022-12-02,98.6922,100.406,98.5428,100.077,21558572
2022-12-05,99.0409,101.014,98.6424,99.1207,24493557
2022-12-06,98.9414,99.4196,96.0718,96.6297,25000958
2022-12-07,96.0618,96.5312,94.3728,94.5971,31157991
2022-12-08,95.0355,95.2348,93.1125,93.3716,32330064
2022-12-09,93.4313,93.9195,92.415,92.4947,28327768
2022-12-12,92.3751,93.2221,91.2791,92.9729,29114173
2022-12-13,97.4069,99.1705,94.6868,95.2846,40740812
2022-12-14,94.8562,96.5201,93.2619,94.7266,28837761
2022-12-15,92.7936,93.3018,89.6849,90.5317,40252425
2022-12-16,90.4323,91.0001,89.1967,89.9339,58222145
2022-12-19,89.9289,90.2329,87.8914,88.1205,29599945
2022-12-20,87.7918,88.853,87.1243,88.6984,23538858
2022-12-21,88.7583,89.8942,88.001,89.2564,24835342
2022-12-22,87.8415,88.2202,86.0081,87.443,27758557
2022-12-23,86.7953,89.2215,86.7555,88.9077,23086423
2022-12-27,88.4743,88.6187,86.6957,87.0743,20170200
2022-12-28,86.6659,87.7221,85.6296,85.7093,19593949
2022-12-29,86.3071,88.524,86.2972,88.1305,23418123
2022-12-30,86.6659,87.9811,86.2573,87.9113,24073249
2023-01-03,89.2614,90.7211,88.2002,88.798,28233202
2023-01-04,90.0236,90.3226,86.9558,87.7618,34981128
2023-01-05,87.154,87.2537,85.5897,85.8887,27292957
2023-01-06,86.4765,87.3733,84.5535,87.0246,41531507
2023-01-09,88.0408,89.7248,87.5427,87.7021,29109043
2023-01-10,85.6694,88.3496,85.52,88.1006,30578203
2023-01-11,88.858,91.2692,88.6886,91.1895,26959346
2023-01-12,91.1495,91.5382,89.4258,90.8008,30367823
2023-01-13,90.5219,91.857,89.8044,91.7873,26424658
2023-01-17,91.7275,91.9168,89.7248,90.9603,32720610
2023-01-18,91.8072,92.4647,90.3126,90.7908,29222241
2023-01-19,90.3923,93.2669,90.3026,92.7138,37134525
2023-01-20,94.7565,97.9449,94.6768,97.666,63420152
2023-01-23,97.5961,99.6787,97.1478,99.4295,40150077
2023-01-24,97.7456,99.2502,96.8489,97.3471,33198424
2023-01-25,95.2248,95.8147,93.4213,94.8761,42483402
2023-01-26,96.1515,97.2175,95.0355,97.1677,30223140
2023-01-27,96.9585,99.9574,96.9585,99.0111,34002570
2023-01-30,97.1279,97.935,96.0468,96.5899,27324895
2023-01-31,96.5201,98.5228,96.4702,98.483,29978953
2023-02-01,98.3534,100.824,97.2275,100.067,35659907
2023-02-02,105.418,107.46,105.228,107.35,70137097
2023-02-03,102.558,107.42,102.209,104.401,65546013
2023-02-06,102.03,103.983,101.512,102.528,32115563
2023-02-07,102.847,107.789,102.748,107.252,49187897
2023-02-08,101.681,102.767,97.6809,99.0111,95086969
2023-02-09,99.6388,99.6687,93.2919,94.6668,119888056
2023-02-10,95.1053,96.4005,93.9096,94.2284,55180006
2023-02-13,94.3978,94.8562,93.501,94.2683,50257651
2023-02-14,94.0889,94.5025,91.9267,94.3381,54924507
2023-02-15,94.1487,96.7692,93.81,96.5899,50480818
2023-02-16,95.0256,97.3272,94.3978,95.165,42616549
2023-02-17,94.5074,95.2148,92.8733,94.0092,34408401
2023-02-21,92.6641,92.7638,91.3888,91.4585,33751165
2023-02-22,91.3688,91.7773,90.2827,91.3189,30995974
2023-02-23,91.5879,91.6079,89.4358,90.5617,41355757
2023-02-24,89.117,89.5654,88.2552,88.808,36717717
2023-02-27,89.5454,89.8343,89.0123,89.5454,27602000
2023-02-28,89.0074,90.9004,88.9974,89.7348,30251306
2023-03-01,89.6549,90.7012,89.3461,90.0336,31224006
2023-03-02,89.3361,91.9417,89.2664,91.6676,32343052
2023-03-03,92.146,93.3914,92.116,93.3117,35287563
2023-03-06,93.6754,95.6234,93.6605,94.7864,32757633
2023-03-07,94.6369,95.3245,93.1922,93.521,27936382
2023-03-08,93.78,95.6084,93.6605,93.9096,34226892
2023-03-09,93.7103,95.1849,91.5681,91.9866,28917983
2023-03-10,91.837,92.4548,90.0685,90.3026,36071335
2023-03-13,89.7645,92.2357,89.097,90.781,37470918
2023-03-14,92.2257,94.0191,92.106,93.6306,36180899
2023-03-15,92.8832,96.5799,92.3054,95.7628,50805560
2023-03-16,95.8525,100.824,95.155,99.9574,65805345
2023-03-17,99.8975,102.464,99.7384,101.253,61249781
2023-03-20,99.7582,101.382,99.5093,100.854,33079924
2023-03-21,100.884,104.721,100.854,104.541,42262933
2023-03-22,103.893,106.205,102.957,102.996,43584847
2023-03-23,104.681,105.916,104.083,105.218,40945665
2023-03-24,104.611,105.109,103.465,105.059,30521286
2023-03-27,104.238,104.381,101.559,102.09,31233680
2023-03-28,102.07,102.08,99.3798,100.665,32174078
2023-03-29,101.911,102.12,100.287,101.024,28883900
2023-03-30,100.545,100.789,99.4196,100.525,33206123
2023-03-31,100.934,103.514,100.675,103.356,36997002
2023-04-03,102.02,104.153,101.562,103.983,25126154
2023-04-04,103.953,105.198,103.664,104.341,24508604
2023-04-05,105.398,105.717,103.286,104.093,28393058
2023-04-06,104.88,108.775,103.953,108.028,48888064
2023-04-10,106.593,107.202,104.74,106.055,27165476
2023-04-11,106.165,106.345,104.301,104.97,26407185
2023-04-12,106.195,106.365,103.963,104.262,24458618
2023-04-13,105.458,107.102,105.458,107.042,24933639
2023-04-14,106.504,108.547,106.455,108.477,26674349
2023-04-17,104.279,105.776,104.143,105.588,37707417
2023-04-18,106.105,106.155,103.694,104.123,26692859
2023-04-19,103.206,104.601,102.698,103.804,20981469
2023-04-20,103.534,105.866,103.493,104.91,27921647
2023-04-21,105.089,105.617,104.401,105.029,25893609
2023-04-24,105.109,106.245,104.321,105.588,23628174
2023-04-25,105.443,106.305,103.465,103.475,46833266
2023-04-26,104.541,105.966,102.259,103.336,53540950
2023-04-27,104.073,107.979,103.166,107.202,50270765
2023-04-28,106.653,106.962,104.711,106.952,36270857
2023-05-01,106.455,107.6,106.435,106.813,26778403
2023-05-02,106.753,106.813,103.336,104.94,31109613
2023-05-03,105.148,107.102,104.581,105.029,21874415
2023-05-04,105.104,105.218,103.594,104.311,23504404
2023-05-05,104.441,105.498,103.734,105.188,26735823
2023-05-08,104.8,107.57,104.78,107.38,26607551
2023-05-09,107.999,109.752,106.803,106.962,36491950
2023-05-10,107.58,112.533,107.54,111.346,63382304
2023-05-11,114.978,117.494,113.997,116.149,79186049
2023-05-12,116.259,117.604,115.69,117.085,41251330
2023-05-15,115.69,118.052,115.591,116.089,36398235
2023-05-16,116.069,120.314,116.01,119.079,45198816
2023-05-17,119.178,121.231,118.461,120.403,33444389
2023-05-18,120.513,122.865,120.393,122.386,35361960
2023-05-19,123.103,125.515,121.709,122.317,41503355
2023-05-22,122.496,125.974,122.297,124.598,35380829
2023-05-23,123.712,124.175,121.768,122.117,34169672
2023-05-24,120.683,121.47,119.427,120.463,34306550
2023-05-25,124.07,124.867,121.52,123.034,42470389
2023-05-26,122.725,124.807,122.008,124.16,35765120
2023-05-30,125.187,125.207,121.56,123.223,35203814
2023-05-31,122.307,123.612,122.058,122.426,37461096
2023-06-01,122.371,123.97,122.177,123.273,30884237
2023-06-02,123.542,125.694,123.313,124.22,27077952
2023-06-05,123.562,126.969,123.393,125.555,32422641
2023-06-06,125.555,127.827,124.907,126.85,26734861
2023-06-07,126.511,128.574,121.679,122.058,52729445
2023-06-08,121.783,122.78,120.803,121.699,29495705
2023-06-09,121.808,123.308,121.47,121.788,23864517
2023-06-12,122.341,123.602,121.221,123.193,28441473
2023-06-13,124.529,124.708,122.735,123.383,22359074
2023-06-14,122.655,123.602,121.011,123.223,30703197
2023-06-15,122.695,125.007,121.958,124.638,35374039
2023-06-16,125.475,125.652,122.835,123.083,45700623
2023-06-20,122.486,124.12,121.699,122.655,26192098
2023-06-21,121.958,122.217,119.666,120.114,30416199
2023-06-22,119.566,122.795,118.401,122.705,27049950
2023-06-23,120.941,122.344,120.623,121.898,35040202
2023-06-26,120.783,121.56,117.837,117.912,34093041
2023-06-27,116.657,118.649,115.68,117.902,39679257
2023-06-28,116.667,119.956,116.428,119.746,27189658
2023-06-29,118.809,119.626,117.867,118.669,24178233
2023-06-30,119.736,120.643,119.258,119.268,29639298
2023-07-03,118.809,119.756,118.389,119.467,14520297
2023-07-05,118.809,122.167,118.799,121.31,27684806
2023-07-06,119.362,119.866,117.972,119.676,24868626
2023-07-07,119.666,120.613,118.969,119.049,21788248
2023-07-10,117.872,117.877,115.715,116.03,35443256
2023-07-11,115.87,117.285,114.933,116.717,23162444
2023-07-12,118.371,119.896,117.987,118.501,30514628
2023-07-13,120.493,124.379,120.015,124.09,44458499
2023-07-14,124.349,126.317,123.044,124.967,33403730
2023-07-17,125.485,126.641,123.747,124.2,25809438
2023-07-18,124.15,124.23,122.516,123.313,26321520
2023-07-19,124.15,124.727,121.36,121.589,37358973
2023-07-20,120.981,123.642,117.793,118.769,38044178
2023-07-21,120.184,120.553,118.301,119.586,71866054
2023-07-24,121.221,122.556,120.543,121.091,29831418
2023-07-25,120.921,122.7,120.583,121.768,52699903
2023-07-26,129.6,130.507,127.856,128.803,61905696
2023-07-27,131.195,132.759,128.325,128.933,45115029
2023-07-28,130.308,133.257,130.098,132.102,36723804
2023-07-31,132.25,133.043,131.3,132.24,28157235
2023-08-01,130.303,132.151,130.208,131.075,23360819
2023-08-02,128.983,129.62,127.099,127.916,26368501
2023-08-03,127.508,128.918,126.959,127.986,20232608
2023-08-04,128.813,131.035,127.448,127.647,26241944
2023-08-07,128.694,131.135,128.554,131.055,22828747
2023-08-08,130.148,131.035,129.077,130.925,23620498
2023-08-09,131.185,131.563,128.534,129.191,25003229
2023-08-10,130.845,131.573,128.983,129.221,20933365
2023-08-11,128.196,129.461,127.707,129.092,19662099
2023-08-14,128.923,130.895,128.494,130.855,24785132
2023-08-15,130.626,130.945,128.813,129.311,19842402
2023-08-16,128.235,129.811,127.403,128.235,25307478
2023-08-17,129.331,131.513,128.823,129.451,33567526
2023-08-18,128.046,128.783,125.927,126.999,30615351
2023-08-21,126.716,128.26,126.102,127.906,25340258
2023-08-22,128.046,129.808,127.856,128.614,22147516
2023-08-23,129.71,132.928,129.401,131.892,27920562
2023-08-24,133.466,133.765,129.101,129.311,28604011
2023-08-25,129.072,130.288,126.791,129.411,26859909
2023-08-28,130.835,132.062,129.67,130.537,20617737
2023-08-29,131.762,136.076,131.762,134.084,43231709
2023-08-30,134.293,135.783,133.586,135.389,28418416
2023-08-31,135.519,137.501,135.299,135.679,30162748
2023-09-01,136.958,136.958,134.363,135.169,21621785
2023-09-05,134.951,135.927,134.094,135.279,19473450
2023-09-06,135.529,136.036,133.182,133.974,18752267
2023-09-07,133.107,135.091,132.47,134.772,18912654
2023-09-08,134.422,136.166,134.363,135.887,23669683
2023-09-11,136.046,136.983,135.294,136.426,20838619
2023-09-12,135.768,136.376,134.702,134.851,18472226
2023-09-13,134.602,136.406,133.665,136.216,20824715
2023-09-14,137.103,138.194,135.748,137.601,24840692
2023-09-15,137.481,138.02,135.987,136.903,39060701
2023-09-18,136.116,138.657,136.116,137.711,21940595
2023-09-19,136.923,137.91,136.126,137.541,20427437
2023-09-20,137.581,137.581,133.137,133.257,30035965
2023-09-21,130.965,131.752,129.6,129.968,31618114
2023-09-22,130.288,131.548,129.131,129.78,26493030
2023-09-25,129.361,130.696,128.494,130.636,20167488
2023-09-26,129.301,129.893,126.761,128.101,25811936
2023-09-27,128.106,130.423,128.106,130.068,22828910
2023-09-28,129.371,132.819,129.321,131.832,22594744
2023-09-29,132.799,133.566,129.889,130.388,30971659
2023-10-02,130.736,133.935,130.696,133.685,22368834
2023-10-03,133.456,133.775,131.363,131.952,23072739
2023-10-04,132.31,135.081,132.052,134.752,26849274
2023-10-05,134.582,135.001,132.968,134.582,19904510
2023-10-06,133.526,137.656,133.526,137.083,27697642
2023-10-09,136.446,138.438,135.12,137.92,19347954
2023-10-10,138,139.215,136.834,137.561,27887342
2023-10-11,138.08,140.6,138.08,140.043,25978136
2023-10-12,140.54,140.71,137.76,138.468,24855314
2023-10-13,138.877,139.495,136.121,136.864,23520555
2023-10-16,137.671,139.126,137.491,138.593,28605193
2023-10-17,138.129,139.395,136.684,139.215,23601027
2023-10-18,138.941,140.212,136.884,137.461,23459734
2023-10-19,138,139.156,136.884,137.253,26160502
2023-10-20,136.834,137.373,134.592,135.111,26431142
2023-10-23,134.552,137.163,133.466,136.007,26413335
2023-10-24,137.333,138.857,136.923,138.308,44976777
2023-10-25,127.697,127.846,124.618,125.157,84672044
2023-10-26,122.825,123.88,120.832,121.838,57267992
2023-10-27,122.436,122.865,119.772,121.728,44728064
2023-10-30,122.765,124.947,122.307,124.01,29044991
2023-10-31,124.608,124.917,122.242,123.632,26387654
2023-11-01,123.622,126.034,123.268,125.994,30191489
2023-11-02,127.956,128.514,126.471,127.029,27222976
2023-11-03,127.558,129.058,127.398,128.634,26488786
2023-11-06,128.584,129.869,128.205,129.78,19121808
2023-11-07,130.238,131.433,129.411,130.497,29865149
2023-11-08,130.497,131.732,130.308,131.363,26521645
2023-11-09,131.483,132.072,129.595,129.77,23833861
2023-11-10,129.635,132.32,128.943,132.111,27025442
2023-11-13,131.305,132.111,130.776,131.613,18391180
2023-11-14,133.705,135.209,132.839,133.137,32512613
2023-11-15,134.382,134.542,133.087,134.134,23948015
2023-11-16,134.702,136.724,133.835,136.436,28114729
2023-11-17,135.509,135.569,133.167,134.821,37422862
2023-11-20,133.207,136.166,133.137,135.758,27951723
2023-11-21,135.798,136.684,135.469,136.476,22717327
2023-11-22,136.973,138.916,136.973,137.99,17885056
2023-11-24,137.531,137.631,135.499,136.196,12559687
2023-11-27,135.539,137.92,135.509,135.917,23521485
2023-11-28,135.589,136.754,134.933,136.704,18797930
2023-11-29,137.073,137.788,134.353,134.502,24054105
2023-11-30,134.562,135.061,130.806,132.052,39129599
2023-12-01,131.383,131.633,130.193,131.383,31556244
2023-12-04,129.411,129.561,127.438,128.803,36802808
2023-12-05,128.484,131.663,127.787,130.517,27484056
2023-12-06,130.965,131.363,129.406,129.551,23661642
2023-12-07,134.552,138.06,134.214,136.436,56972886
2023-12-08,133.715,135.907,133.541,134.502,32377058
2023-12-11,131.902,132.854,130.885,132.809,31250889
2023-12-12,131.334,132.52,130.786,132.042,29138077
2023-12-13,132.898,133.018,131.095,132.092,30213907
2023-12-14,132.898,133.237,129.216,131.463,38862785
2023-12-15,131.145,133.028,130.706,132.121,51031438
2023-12-18,132.151,136.652,131.952,135.309,32374905
2023-12-19,136.346,136.973,135.589,136.156,25569108
2023-12-20,138.468,141.183,137.566,137.84,49285197
2023-12-21,138.986,140.177,138.677,139.913,27587931
2023-12-22,140.262,141.477,140.202,140.979,26628380
2023-12-26,141.079,142.164,140.68,141.009,16841163
2023-12-27,141.079,141.567,139.381,139.863,19699773
2023-12-28,140.272,140.63,139.245,139.723,16103879
2023-12-29,139.126,139.853,138.279,139.185,18800926
2024-01-02,138.05,138.946,135.987,137.671,23797175
2024-01-03,136.754,139.126,136.585,138.418,24299918
2024-01-04,137.92,138.657,135.858,135.897,27236112
2024-01-05,136.251,136.66,134.662,135.239,22595468
2024-01-08,135.798,138.508,135.768,138.338,21481573
2024-01-09,138,140.974,137.651,140.44,24849354
2024-01-10,140.49,142.484,140.4,141.767,21397490
2024-01-11,142.972,144.696,140.127,141.567,24095756
2024-01-12,142.154,142.677,141.307,142.134,18853613
2024-01-16,141.487,143.829,140.939,141.975,22752649
2024-01-17,140.835,141.327,138.398,140.959,21044662
2024-01-18,141.537,143.689,141.477,142.962,25839750
2024-01-19,144.217,145.921,143.858,145.851,34396105
2024-01-22,146.568,147.855,145.313,145.463,32317098
2024-01-23,145.363,146.65,144.974,146.508,21714562
2024-01-24,148.003,149.314,147.565,148.163,25324923
2024-01-25,149.523,152.497,149,151.322,29254737
2024-01-26,150.554,151.984,150.465,151.636,26210165
2024-01-29,151.511,153.224,150.883,152.956,27884979
2024-01-30,152.249,153.066,150.639,150.913,36463539
2024-01-31,143.101,143.48,139.365,139.594,72170725
2024-02-01,141.607,142.544,140.282,140.65,40613244
2024-02-02,138.757,142.105,136.007,141.866,62726141
2024-02-05,142.304,144.944,142.264,143.161,38644990
2024-02-06,144.128,144.835,142.672,143.579,29233793
2024-02-07,144.237,145.089,143.405,145.014,25300246
2024-02-08,145.303,145.801,144.581,145.383,22645559
2024-02-09,146.151,148.9,145.652,148.462,26926763
2024-02-12,147.885,148.795,146.838,146.998,21642256
2024-02-13,144.397,146.141,143.171,144.616,27938644
2024-02-14,145.553,145.991,143.573,145.413,22786470
2024-02-15,142.624,143.001,139.953,142.254,37726965
2024-02-16,142.474,142.672,139.633,140.013,31583004
2024-02-20,139.151,141.567,138.986,140.61,25026104
2024-02-21,140.939,142.174,140.167,142.035,23400208
2024-02-22,144.407,144.476,142.284,143.569,27290465
2024-02-23,143.151,144.157,142.912,143.44,19564418
2024-02-26,141.627,141.925,136.893,137.073,53836251
2024-02-27,137.521,138.747,136.595,138.378,33219177
2024-02-28,137.402,137.511,134.921,135.887,37463877
2024-02-29,136.784,138.358,135.907,137.96,42285689
2024-03-01,137.93,138.368,136.426,136.644,31264041
2024-03-04,135.169,135.169,131.433,132.868,56202418
2024-03-05,131.403,132.759,130.193,132.191,40340467
2024-03-06,132.639,133.097,130.378,130.925,35446643
2024-03-07,132.315,134.452,131.135,133.895,37875013
2024-03-08,133.725,137.586,133.516,134.921,39513113
2024-03-11,135.639,138.593,135.639,137.173,32555362
2024-03-12,136.536,138.872,136.536,138,27663273
2024-03-13,138.498,140.58,138.488,139.285,23431843
2024-03-14,140.68,143.066,139.948,142.584,42908372
2024-03-15,141.985,142.662,139.524,140.67,49654770
2024-03-18,148.073,151.601,146.638,147.147,69524823
2024-03-19,147.625,148.254,145.553,146.498,24157692
2024-03-20,147.465,148.322,146.205,148.202,21388757
2024-03-21,148.93,149.827,146.37,147.067,24845338
2024-03-22,148.582,151.032,148.442,150.225,29317664
2024-03-25,149.399,149.832,147.286,149.528,19298993
2024-03-26,149.677,151.705,149.438,150.126,22229429
2024-03-27,150.634,151.087,148.362,150.325,22962117
2024-03-28,150.305,150.883,149.628,150.385,24574152
2024-04-01,150.146,155.177,150.066,154.928,31845875
2024-04-02,152.946,154.141,151.601,154.002,24675111
2024-04-03,153.046,154.52,152.179,154.36,24794549
2024-04-04,152.946,154.211,149.907,149.986,34850618
2024-04-05,149.488,152.866,149.059,151.949,23544288
2024-04-08,152.229,154.709,152.059,154.29,20777020
2024-04-09,155.521,157.987,154.63,156.034,31225800
2024-04-10,155.646,156.044,154.121,155.576,22921421
2024-04-11,156.343,159.104,155.895,158.834,27264912
2024-04-12,157.39,159.644,156.573,157.16,25445655
2024-04-15,158.287,158.664,154.031,154.3,27234844
2024-04-16,153.633,155.088,152.876,153.843,20854822
2024-04-17,155.058,156.513,154.021,154.908,21842023
2024-04-18,154.779,156.373,154.061,155.446,19955122
2024-04-19,155.636,155.795,151.749,153.553,32704731
2024-04-22,153.753,157.07,153.503,155.716,26542076
2024-04-23,156.393,158.396,155.716,157.689,21228244
2024-04-24,156.921,158.989,156.598,158.555,22861688
2024-04-25,150.784,155.925,150.325,155.437,57316758
2024-04-26,173.74,174.079,169.037,171.329,64899717
2024-04-29,168.447,168.938,164.613,165.55,45775364
2024-04-30,165.014,167.492,162.013,162.192,33684529
2024-05-01,163.707,166.516,162.501,163.268,33614567
2024-05-02,164.19,166.128,163.298,166.018,24382619
2024-05-03,166.955,167.353,162.461,166.636,34788086
2024-05-06,166.855,167.532,165.43,167.492,21950568
2024-05-07,167.892,171.14,167.782,170.631,28141342
2024-05-08,168.389,169.536,168.126,168.769,19640086
2024-05-09,168.779,170.073,167.572,169.346,15402333
2024-05-10,167.418,169.236,165.589,168.041,29907958
2024-05-13,163.667,168.669,163.408,168.529,31441167
2024-05-14,169.156,170.631,168.19,169.725,25218226
2024-05-15,170.013,172.026,169.894,171.887,27046060
2024-05-16,172.664,174.482,172.066,173.55,27968971
2024-05-17,173.55,175.629,173.063,175.424,24568001
2024-05-20,175.556,178.124,175.444,176.281,22636161
2024-05-21,176.261,177.507,175.174,177.208,17050957
2024-05-22,176.005,176.511,174.577,175.744,17944858
2024-05-23,176.431,177.606,172.326,172.923,21101152
2024-05-24,174.347,175.134,173.023,174.357,16639540
2024-05-28,173.82,176.63,173.735,175.764,20646733
2024-05-29,174.797,176.197,174.089,175.264,23473479
2024-05-30,174.567,174.587,171.17,171.488,23041904
2024-05-31,171.24,172.435,168.829,171.877,37775320
2024-06-03,171.917,173.895,170.542,172.544,27558660
2024-06-04,172.654,173.217,171.269,173.163,26977037
2024-06-05,174.567,176.006,173.306,174.777,22148519
2024-06-06,175.259,176.511,175.115,176.091,23335300
2024-06-07,176.411,177.228,173.67,173.83,19732673
2024-06-10,174.538,176.623,172.333,174.578,23838060
2024-06-11,175.785,176.404,173.341,176.184,21593885
2024-06-12,177.81,179.965,175.676,177.351,27933689
2024-06-13,175.676,176.304,174.448,174.728,20965050
2024-06-14,173.79,176.626,173.72,176.354,18108254
2024-06-17,175.026,177.92,174.378,176.802,19667043
2024-06-18,176.702,176.947,173.674,174.658,21923975
2024-06-20,174.938,176.852,174.558,175.864,20209972
2024-06-21,176.563,180.403,176.174,179.187,58727708
2024-06-24,179.715,180.443,178.229,178.777,18343291
2024-06-25,179.177,183.835,178.977,183.576,23293086
2024-06-26,182.179,184.054,182.029,183.426,19888064
2024-06-27,183.725,185.59,183.566,184.952,18895526
2024-06-28,183.865,184.673,181.511,181.701,29228793
2024-07-01,182.578,183.426,180.853,182.539,16045735
2024-07-02,181.601,185.112,181.111,184.783,17415474
2024-07-03,184.394,185.63,183.546,185.362,10267470
2024-07-05,185.397,190.389,185.342,190.129,21019335
2024-07-08,189.426,189.701,187.316,188.563,21087940
2024-07-09,189.84,190.887,188.254,188.514,15178779
2024-07-10,188.683,191.277,188.563,190.708,15991929
2024-07-11,189.376,190.389,184.623,185.112,25689196
2024-07-12,184.623,186.648,184.035,184.613,22955069
2024-07-15,184.464,187.776,184.464,186.07,16514808
2024-07-16,186.898,188.214,182.921,183.466,18335983
2024-07-17,182.514,183.097,179.456,180.573,20785378
2024-07-18,181.481,182.049,176.034,177.252,25378372
2024-07-19,178.438,179.845,176.692,177.222,18928609
2024-07-22,180.145,182.249,179.785,181.221,24159982
2024-07-23,181.601,183.157,181.091,181.341,36442670
2024-07-24,173.172,175.756,171.396,172.204,49707904
2024-07-25,172.094,172.992,166.777,166.867,44962961
2024-07-26,166.737,167.675,163.655,166.588,41439176
2024-07-29,168.413,170.009,167.575,169.111,20344040
2024-07-30,169.819,170.807,168.024,169.869,19006602
2024-07-31,172.812,173.815,169.591,171.117,25792757
2024-08-01,169.829,173.62,168.463,170.339,24592096
2024-08-02,166.029,168.094,164.264,166.248,29202185
2024-08-05,155.116,164.024,154.548,158.857,53763384
2024-08-06,158.937,160.173,156.024,157.899,49125825
2024-08-07,160.852,162.578,158.079,158.547,25200779
2024-08-08,160.113,163.286,159.815,161.63,25642135
2024-08-09,159.615,163.386,158.667,163.266,28673062
2024-08-12,163.944,164.492,161.441,161.889,15934619
2024-08-13,163.006,164.324,162.568,163.754,18597597
2024-08-14,161.999,162.817,157.321,159.974,40691570
2024-08-15,160.104,161.236,159.216,160.902,31602260
2024-08-16,161.071,164.652,160.732,162.558,24268552
2024-08-19,164.872,166.278,163.854,166.258,22471654
2024-08-20,166.488,168.224,166.408,166.767,18386920
2024-08-21,164.742,166.438,164.264,165.44,22958669
2024-08-22,166.847,167.176,162.907,163.396,22548935
2024-08-23,164.314,165.77,163.426,165.212,13990275
2024-08-26,165.97,167.136,164.049,165.75,14225531
2024-08-27,165.425,166.032,164.054,164.274,11851194
2024-08-28,164.627,165.192,161.129,162.448,16448045
2024-08-29,163.904,165.56,159.855,161.381,19748515
2024-08-30,162.214,163.256,161.293,162.976,22178557
2024-09-03,161.321,161.451,156.094,156.971,39041673
2024-09-04,156.268,158.607,155.577,156.064,19401650
2024-09-05,155.914,159.057,155.596,156.852,18734993
2024-09-06,156.912,157.441,150.178,150.547,38005945
2024-09-09,152.335,153.224,147.046,148.54,39305446
2024-09-10,150.278,151.097,148.17,148.49,31154429
2024-09-11,149.748,151.327,147.351,150.987,29641625
2024-09-12,153.624,154.643,152.475,154.513,29729080
2024-09-13,155.252,158.199,155.032,157.28,29625065
2024-09-16,157.13,158.069,156.421,157.879,18400839
2024-09-17,158.838,160.366,158.194,159.138,20739353
2024-09-18,159.677,160.316,158.413,159.627,23704450
2024-09-19,163.523,163.603,161.155,161.954,26618204
2024-09-20,163.313,163.543,161.874,163.403,40943308
2024-09-23,164.162,165.301,161.485,161.665,24178530
2024-09-24,162.843,163.029,160.506,162.104,23358887
2024-09-25,161.285,162.624,161.115,161.305,18890824
2024-09-26,163.453,163.892,162.094,162.544,20342623
2024-09-27,162.624,165.51,162.44,163.762,21125490
2024-09-30,163.133,165.96,163.073,165.66,20504775
2024-10-01,167.493,168.966,164.392,166.799,28370600
2024-10-02,166.229,167.328,164.541,165.67,17780533
2024-10-03,164.222,166.449,163.735,165.67,15090375
2024-10-04,167.868,168.037,165.291,166.869,19115606
2024-10-07,167.528,168.287,162.564,162.793,22488884
2024-10-08,163.752,164.536,162.684,164.192,23099175
2024-10-09,163.263,164.651,159.557,161.675,31217510
2024-10-10,160.686,162.883,160.211,161.894,14160278
2024-10-11,161.944,163.712,161.05,163.053,15361836
2024-10-14,163.453,166.036,163.213,164.771,19037934
2024-10-15,165.595,167.488,164.437,165.271,20270399
2024-10-16,164.342,165.61,163.553,164.971,16424832
2024-10-17,165.54,166.18,162.574,162.743,21477982
2024-10-18,163.003,164.521,162.893,163.233,19780304
2024-10-21,162.763,164.312,162.434,163.882,20970461
2024-10-22,162.793,165.58,162.793,164.951,16587109
2024-10-23,164.571,165.63,161.74,162.594,18301468
2024-10-24,162.644,163.143,160.826,162.534,22438213
2024-10-25,163.483,165.4,163.233,165.081,19851609
2024-10-28,168.557,168.557,163.762,166.529,32175474
2024-10-29,167.538,170.185,166.898,169.486,42217353
2024-10-30,180.473,181.812,173.861,174.26,68969740
2024-10-31,172.932,176.618,170.804,170.914,44820289
2024-11-01,169.875,172.123,168.687,171.094,31832917
2024-11-04,169.735,170.535,167.819,169.046,21517376
2024-11-05,169.236,170.335,168.647,169.546,18262956
2024-11-06,173.601,176.737,173.301,176.308,33734155
2024-11-07,177.207,180.873,176.987,180.543,25381995
2024-11-08,180.438,180.693,177.876,178.146,22031402
2024-11-11,178.376,180.338,178.266,180.144,17470353
2024-11-12,179.614,182.281,179.185,181.412,25163711
2024-11-13,180.253,180.753,178.336,178.675,23210573
2024-11-14,178.076,178.615,174.122,175.379,31042993
2024-11-15,173.531,173.941,171.024,172.293,32541901
2024-11-18,173.221,175.237,172.702,175.099,20229771
2024-11-19,173.521,178.665,173.361,177.916,23461782
2024-11-20,177.137,177.472,173.581,175.779,19018882
2024-11-21,173.701,173.931,163.513,167.438,59802838
2024-11-22,165.66,166.269,163.712,164.571,38648830
2024-11-25,165.9,168.437,165.418,167.458,33173238
2024-11-26,167.438,169.626,167.388,168.926,20510199
2024-11-27,168.807,169.289,167.828,169.036,19288591
2024-11-29,168.307,169.236,166.969,168.757,14273583
2024-12-02,168.572,171.878,168.377,171.294,23816347
2024-12-03,171.294,172.482,170.654,171.144,22274203
2024-12-04,170.949,174.71,170.864,174.17,31651370
2024-12-05,175.159,175.858,172.133,172.442,21380718
2024-12-06,171.833,174.88,171.663,174.51,21486990
2024-12-09,173.96,176.26,173.65,175.37,25389631
2024-12-10,182.845,186.36,181.05,185.17,54813022
2024-12-11,185.31,195.61,184.85,195.4,67894071
2024-12-12,195,195.18,191.71,191.96,34817486
2024-12-13,191.01,192.73,189.64,189.82,25143495
2024-12-16,192.87,199,192.62,196.66,44934901
2024-12-17,197.25,201.42,194.98,195.42,43504025
2024-12-18,195.22,197,187.74,188.4,34166074
2024-12-19,191.625,193.03,188.38,188.51,32265241
2024-12-20,185.78,192.89,185.22,191.41,63462934
2024-12-23,192.62,195.1,190.15,194.63,25675014
2024-12-24,194.84,196.11,193.78,196.11,10403259
2024-12-26,195.15,196.748,194.375,195.6,12057210
2024-12-27,194.95,195.32,190.65,192.76,18891362
2024-12-30,189.8,192.55,189.12,191.24,14264659
2024-12-31,191.075,191.96,188.51,189.3,17466919
2025-01-02,190.65,192,187.5,189.43,20370828
2025-01-03,191.37,193.21,189.975,191.79,18596159
2025-01-06,193.98,198.222,193.85,196.87,29563638
2025-01-07,197.11,201,194.6,195.49,26487244
2025-01-08,192.57,196.29,192.38,193.95,24864766
2025-01-10,194.295,196.52,190.31,192.04,26665206
2025-01-13,190.07,191.18,187.36,191.01,21823699
2025-01-14,191.24,191.98,188.308,189.66,17174854
2025-01-15,193.09,196.36,191.86,195.55,21775969
2025-01-16,194.14,195.48,192.81,192.91,17815432
2025-01-17,196.53,197.23,193.75,196,27735089
2025-01-21,198.985,202.29,197.87,198.05,29971292
2025-01-22,199.06,200.48,197.53,198.37,26200617
2025-01-23,198.14,200.3,195.2,197.98,26951357
2025-01-24,198.1,200.9,198,200.21,23877521
2025-01-27,192.41,196.88,190.73,191.81,41728893
2025-01-28,192.745,195.48,190.68,195.3,24157929
2025-01-29,195.555,196.785,193.43,195.41,18218256
2025-01-30,198,201.4,197.67,200.87,24354684
2025-01-31,202,205.48,201.8,204.02,32041952
2025-02-03,200.69,203.75,200.1,201.23,27838348
2025-02-04,203.39,207.05,202.81,206.38,43856425
2025-02-05,191.07,192.75,188.03,191.33,70461770
2025-02-06,189.5,192.1,188.72,191.6,29297442
2025-02-07,191.05,191.18,183.24,185.34,49314961
2025-02-10,187.35,188.2,185.86,186.47,23105649
2025-02-11,185.03,186.94,184.28,185.32,21239519
2025-02-12,183.22,185.11,181.83,183.61,22072559
2025-02-13,184.32,186.28,183.14,186.14,21402523
2025-02-14,185.055,186.4,184.32,185.23,20448437
2025-02-18,185.6,185.96,181.74,183.77,29916675
2025-02-19,184.07,185.46,183.59,185.27,19549396
2025-02-20,184.8,185.31,182.72,184.56,20441462
2025-02-21,185.15,185.34,179.08,179.66,35199239
2025-02-24,182.05,183.12,178.885,179.32,29854206
2025-02-25,178.04,178.74,174.693,175.42,41913411
2025-02-26,175.07,176.08,171.58,172.73,35431268
2025-02-27,173.99,174.56,167.94,168.5,39991015
2025-02-28,168.68,170.61,166.77,170.28,48130565
2025-03-03,171.925,173.37,165.93,167.01,40770451
2025-03-04,166.24,173.2946,165.8,170.92,45387996
2025-03-05,170.52,173.78,169.06,173.02,30954922
2025-03-06,170.53,174.81,170.5,172.35,28301953
2025-03-07,171.26,174.97,170.27,173.86,27385813
2025-03-10,168.26,168.46,163.69,165.87,43604027
2025-03-11,164.91,166.75,161.37,164.04,39587414
2025-03-12,166.58,167.6399,163.53,167.11,28372396
2025-03-13,166.035,166.13,162.11,162.76,31756214
2025-03-14,163.27,166.49,162.45,165.49,31995894
2025-03-17,165.03,166.3,163.67,164.29,31184335
2025-03-18,163.675,164.25,156.72,160.67,42074751
2025-03-19,161.76,165.87,161,163.89,34275582
2025-03-20,161.57,164.89,160.96,162.8,28138464
2025-03-21,161.205,164.24,160.8901,163.99,36625764
2025-03-24,167.065,168.32,165.14,167.68,30879129
2025-03-25,168.98,170.63,168.315,170.56,24174373
2025-03-26,169,169.61,164.84,165.06,28939326
2025-03-27,164.63,165.42,162,162.24,24508273
2025-03-28,160.49,161.82,153.63,154.33,48669335
2025-03-31,153.11,155.54,150.662,154.64,54603464
2025-04-01,153.62,158.1,153.62,157.07,30672899
2025-04-02,155.15,158.4052,154.7,157.04,25041730
2025-04-03,151.11,152.7799,150.39,150.72,46883371
2025-04-04,148.01,151.07,145.38,145.6,62259539
2025-04-07,141.55,152.85,140.53,146.75,76794136
2025-04-08,151.22,152.24,143.03,144.7,52200208
2025-04-09,144.415,159.55,143.905,158.71,70406232
2025-04-10,156.54,157.72,149.93,152.82,48021972
2025-04-11,152.9,157.67,152.82,157.14,33636239
2025-04-14,159.995,161.72,157.56,159.07,30332957
2025-04-15,159.125,159.65,155.21,156.31,27551534
2025-04-16,153.1,155.89,151.51,153.33,28187421
2025-04-17,154.29,154.68,148.5,151.16,33046576
2025-04-21,148.88,148.945,146.1,147.67,26049115
2025-04-22,148.89,152.19,148.54,151.47,26971774
2025-04-23,155.61,157.525,153.81,155.35,31128833
2025-04-24,156.15,159.59,155.79,159.28,45893951
2025-04-25,165.07,166.1,161.04,161.96,56033995
2025-04-28,162.425,163.15,158.6,160.61,29745782
2025-04-29,160.325,160.74,157.52,160.16,26808958
2025-04-30,157.975,159.27,155.4,158.8,34981059
2025-05-01,160.45,161.95,158.91,161.3,30203248
2025-05-02,163.405,164.97,161.87,164.03,25715005
2025-05-05,163,165.39,162.72,164.21,21341814
2025-05-06,162.17,164.8,161.19,163.23,21277210
2025-05-07,164.08,165,147.84,151.38,127747554
2025-05-08,155,155.93,152.9,154.28,57498692
2025-05-09,154.17,155.05,152.2,152.75,32435281
2025-05-12,157.485,159.1,156.25,158.46,44138818
2025-05-13,158.79,160.57,156.16,159.53,42382126
2025-05-14,159.96,167,159.61,165.37,48755869
2025-05-15,165.84,166.205,162.3732,163.96,33146669
2025-05-16,167.725,169.35,165.62,166.19,42846925
2025-05-19,164.51,166.64,164.22,166.54,30426097
2025-05-20,166.43,168.5,162.9,163.98,46607656
2025-05-21,163.69,173.14,163.56,168.56,73415956
2025-05-22,171.85,176.77,170.71,170.87,74864418
2025-05-23,169.055,169.96,167.89,168.47,35211439
2025-05-27,170.16,173.17,170,172.9,37995670
2025-05-28,173.16,175.265,171.9107,172.36,34783997
2025-05-29,174,174.4193,170.63,171.86,29373803
2025-05-30,171.35,172.205,167.44,171.74,52639911
2025-06-02,167.84,169.87,167.39,169.03,38612272
2025-06-03,167.49,168.475,165.28,166.18,45084903
2025-06-04,166.735,168.215,166.36,168.05,26900838
2025-06-05,170.34,170.93,167.59,168.21,36444564
2025-06-06,170.83,174.5,170.83,173.68,35731832
2025-06-09,174.54,176.47,174.37,176.09,28935906
2025-06-10,176.2,181.105,174.91,178.6,61766121
2025-06-11,179.77,180.37,176.75,177.35,31646757
2025-06-12,176.18,176.72,174.745,175.7,20941873
2025-06-13,172.44,177.13,172.385,174.67,27663107
2025-06-16,174.73,176.94,174.65,176.77,27389208
2025-06-17,175.7,177.3648,174.58,175.95,24973043
2025-06-18,176.01,176.56,173.2,173.32,28707524
2025-06-20,173.945,174.34,165.46,166.64,75659917
2025-06-23,166.27,167.34,162,165.19,57670985
2025-06-24,166.92,168.22,166.13,166.77,40524312
2025-06-25,167.63,172.36,167.55,170.68,35478989
2025-06-26,172.43,173.69,169.94,173.54,31796690
2025-06-27,173.54,178.68,171.73,178.53,108140200
2025-06-30,180.78,181.23,174.58,176.23,63378856
2025-07-01,175.735,176.09,173.53,175.84,35904526
2025-07-02,175.54,178.86,175.07,178.64,29128947
2025-07-03,178.5,179.67,177.05,179.53,21689729
2025-07-07,179.06,179.297,175.68,176.79,34175648
2025-07-08,177.85,177.95,172.81,174.36,40442535
2025-07-09,175.25,179.44,172.77,176.62,43025594
2025-07-10,175.63,178.429,174.38,177.62,29252386
2025-07-11,176.785,181.43,176.48,180.19,34282922
2025-07-14,181.01,183.67,179.68,181.56,32536632
2025-07-15,182.81,184.22,181.6,182,33448251
2025-07-16,183.235,184.327,182.03,182.97,33104193
2025-07-17,182.14,184.06,180.48,183.58,31992565
2025-07-18,185.4,186.42,183.71,185.06,34014509
2025-07-21,186.25,190.285,186.15,190.1,45803129
2025-07-22,191.495,191.645,187.46,191.34,44660215
2025-07-23,191.5,192.53,189.18,190.23,58681948
2025-07-24,197.03,197.95,191,192.17,74881687
2025-07-25,191.98,194.33,191.26,193.18,39785863
2025-07-28,193.65,194.05,190.84,192.58,38139504
2025-07-29,192.43,195.92,192.08,195.75,41389153
2025-07-30,195.6,197.5999,194.685,196.53,32445405
2025-07-31,195.71,195.99,191.09,191.9,51329163
2025-08-01,189.025,190.83,187.82,189.13,34832181
2025-08-04,190.29,195.27,190.12,195.04,31547350
2025-08-05,194.71,197.8599,193.885,194.67,31602340
2025-08-06,194.5,196.63,193.67,196.09,21562908
2025-08-07,197.06,197.54,194.33,196.52,26321811
2025-08-08,197.22,202.61,197.17,201.42,39161826
2025-08-11,200.935,201.475,199.07,201,25832435
2025-08-12,201.365,204.5,200.59,203.34,30424452
2025-08-13,204.13,204.53,197.5101,201.96,28342922
2025-08-14,201.5,204.44,201.225,202.94,25230427
2025-08-15,203.85,206.44,201.28,203.9,34931422
2025-08-18,204.2,205.265,202.49,203.5,18526594
2025-08-19,203.03,203.44,199.96,201.57,24240233
2025-08-20,200.73,201.28,196.595,199.32,28955498
2025-08-21,199.745,202.48,199.43,199.75,19774633
2025-08-22,202.73,208.54,201.3,206.09,42827040
2025-08-25,206.43,210.52,205.28,208.49,29928878
2025-08-26,207.51,207.85,205.7,207.14,28464130
2025-08-27,205.7,208.91,205.65,207.48,23022850
2025-08-28,207.25,212.22,206.9,211.64,32339307
2025-08-29,210.51,214.645,210.2,212.91,39728364
2025-09-02,208.44,211.675,206.195,211.35,47523037
2025-09-03,226.21,231.31,224.79,230.66,103336125
2025-09-04,229.65,232.37,226.11,232.3,51684167
2025-09-05,232.2,235.76,231.9,235,46588925
2025-09-08,235.47,238.13,233.67,234.04,32474743
2025-09-09,234.165,240.47,233.229,239.63,38060959
2025-09-10,238.9,241.66,237.85,239.17,35141074
2025-09-11,239.88,242.25,236.25,240.37,30599328
2025-09-12,240.37,242.075,238,240.8,26771610
2025-09-15,244.66,252.4099,244.66,251.61,58383796
2025-09-16,252.08,253.04,249.47,251.16,34109720
2025-09-17,251.22,251.6,246.28,249.53,34107992
2025-09-18,251.68,253.99,249.8,252.03,31239474
2025-09-19,253.25,256,251.81,254.72,55571424
2025-09-22,254.43,255.78,250.3,252.53,32290538
2025-09-23,253.04,254.36,250.48,251.66,26628016
2025-09-24,251.66,252.3501,246.44,247.14,28201003
2025-09-25,244.4,246.49,240.74,245.79,31020383
2025-09-26,247.065,249.42,245.97,246.54,18503194
2025-09-29,247.85,251.1486,242.77,244.05,32505777
2025-09-30,242.81,243.29,239.245,243.1,34724346
2025-10-01,240.75,246.3,238.61,244.9,31658234
2025-10-02,245.15,246.81,242.3,245.69,25483298
2025-10-03,244.49,246.3,241.655,245.35,30249559
2025-10-06,244.78,251.32,244.58,250.43,28894653
2025-10-07,248.27,250.44,245.52,245.76,23181285
2025-10-08,244.96,246.005,243.82,244.62,21307104
2025-10-09,244.47,244.76,239.15,241.53,27892086
2025-10-10,241.43,244.09,235.84,236.57,33180323
2025-10-13,240.21,244.5,239.71,244.15,24995028
2025-10-14,241.23,247.12,240.51,245.45,22111572
2025-10-15,247.245,252.11,245.99,251.03,27007690
2025-10-16,251.765,256.96,250.101,251.46,27997159
2025-10-17,250.76,254.22,247.81,253.3,29671629
2025-10-20,254.69,257.33,254.23,256.55,22350155
2025-10-21,254.74,254.88,244.15,250.46,47312098
2025-10-22,254.37,256.36,249.29,251.69,35029370
2025-10-23,252.98,255.04,251.85,253.08,19901425
2025-10-24,256.58,261.68,255.315,259.92,28655126
2025-10-27,264.815,270.14,264.28,269.27,35235231
2025-10-28,269.69,270.73,266.5,267.47,29738564
2025-10-29,267.75,275.336,267.67,274.57,43580277
2025-10-30,291.59,291.59,280.06,281.48,74875990
2025-10-31,283.21,286,277.03,281.19,39267945
2025-11-03,282.175,285.53,279.8,283.72,29785996
2025-11-04,276.75,281.27,276.26,277.54,30078369
2025-11-05,278.87,286.415,277.34,284.31,31010302
2025-11-06,285.33,288.35,281.14,284.75,37173648
2025-11-07,283.205,283.78,275.19,278.83,34479588
2025-11-10,284.42,290.8,282.855,290.1,29557309
2025-11-11,287.745,291.915,287.32,291.31,19842136
2025-11-12,291.675,292.005,283.69,286.71,24829923
2025-11-13,282.34,282.84,277.24,278.57,29494040
2025-11-14,271.405,278.56,270.7,276.41,31647227
2025-11-17,285.775,293.95,283.57,285.02,52670192
2025-11-18,287.915,288.8,278.2,284.28,49158743
2025-11-19,287.16,303.81,286.63,292.81,68198944
2025-11-20,304.54,306.42,288.67,289.45,62025218
2025-11-21,296.415,303.92,293.845,299.66,74137697
2025-11-24,311.13,319.48,309.595,318.58,85165123
2025-11-25,326.21,328.83,317.65,323.44,88632074
2025-11-26,320.68,324.5,316.79,319.95,51373361
2025-11-28,323.365,326.85,316.79,320.18,26018568
2025-12-01,317.7,319.85,313.89,314.89,41182956
2025-12-02,316.74,318.38,313.91,315.81,35854744
2025-12-03,315.89,321.58,314.1,319.63,41838317
2025-12-04,322.225,322.36,314.7,317.62,31240924
2025-12-05,319.49,323.16,319.165,321.27,28851705
2025-12-08,320.05,320.44,311.2219,313.72,33909433
2025-12-09,312.37,317.99,311.895,317.08,30194027
2025-12-10,315.83,321.31,314.68,320.21,33428923
2025-12-11,320.08,321.12,308.6,312.43,42353697
2025-12-12,313.7,314.87,305.56,309.29,35940170
2025-12-15,311.315,311.42,304.88,308.22,29151889
2025-12-16,304.945,310.77,302.59,306.57,30585020
2025-12-17,308.01,308.09,296.12,296.72,43930358
2025-12-18,301.72,303.96,299.2308,302.46,33518048
2025-12-19,301.73,307.25,300.97,307.16,59943239
2025-12-22,309.875,310.13,305.3,309.78,26429937
2025-12-23,309.625,314.94,309.32,314.35,25478670
2025-12-24,314.77,315.08,311.92,314.09,10097361
2025-12-26,314.48,315.085,312.275,313.51,10899017
2025-12-29,311.365,314.02,310.62,313.56,19621777
2025-12-30,312.5,316.95,312.46,313.85,17380888
2025-12-31,312.845,314.58,311.44,313,16377689
2026-01-02,316.9,322.5,310.33,315.15,32009385
2026-01-05,317.655,319.015,314.63,316.54,30195597
2026-01-06,316.4,320.94,311.78,314.34,31212101
2026-01-07,314.36,326.15,314.19,321.98,35104425
2026-01-08,328.965,330.3196,321.5,325.44,31896101
2026-01-09,327.09,330.83,325.8,328.57,26214166
2026-01-12,325.8,334.04,325,331.86,33923928
2026-01-13,334.95,340.49,333.62,335.97,33517607
2026-01-14,335.06,336.52,330.48,335.84,28525571
2026-01-15,337.65,337.69,330.74,332.78,28442406
2026-01-16,334.41,334.65,327.7,330,40341637
2026-01-20,320.87,327.73,320.43,322,35361045
2026-01-21,320.92,332.4799,319.3518,328.38,35386603
2026-01-22,334.45,335.15,328.75,330.54,26253640
2026-01-23,332.485,333.6889,327.45,327.93,27279974
2026-01-26,327.805,335.84,327,333.26,26042120
2026-01-27,335.365,337.91,333.48,334.55,21636164
2026-01-28,336.06,337.535,331.94,336.01,27434434
2026-01-29,340.3,342.29,326.54,338.25,39785612
2026-01-30,340,340,332.285,338,31023954
2026-02-02,336.22,344.83,335.63,343.69,32006052
2026-02-03,347.34,349,337.4745,339.71,36506709
2026-02-04,342.96,343.31,328.52,333.04,70618398
2026-02-05,312.22,332.69,306.46,331.25,88205849
2026-02-06,327.18,330.38,319.92,322.86,56380484
2026-02-09,320.93,327.7,317.26,324.32,39640055
2026-02-10,320.97,321.67,314.61,318.58,39170012
2026-02-11,318.97,321.06,309.66,310.96,45406405
2026-02-12,312.09,316.24,307.2,309,47761288
2026-02-13,307.725,308.63,303.71,305.72,38499701
2026-02-17,300.04,304.435,296.25,302.02,39247556
2026-02-18,302.09,305.38,301.25,303.33,28482075
2026-02-19,301.82,305.47,300.04,302.85,25834395
2026-02-20,304.32,316.5,303.9,314.98,53210820
2026-02-23,319.045,319.515,309.865,311.49,31423000
2026-02-24,310.515,312.27,305.93,310.9,25615646
2026-02-25,312.06,313.64,309.44,312.9,29963621
2026-02-26,312.64,313.14,302.345,307.38,36121010
2026-02-27,304.135,312.37,303.8,311.76,44562264
2026-03-02,303.225,308.49,301.3,306.52,34790203
2026-03-03,298.59,303.94,296.71,303.53,35496961
2026-03-04,302.89,305.47,300.75,303.03,29536190
2026-03-05,303.035,303.3,297.99,300.845,35752321
2026-03-06,296.09,300.53,295.18,298.48,25576916
2026-03-09,294.36,306.8,294.08,306.34,29312149
2026-03-10,306.17,309.51,305.5704,307.04,23239684
2026-03-11,306.75,311.42,305.92,308.7,24125714
2026-03-12,306.82,308.94,301.03,303.55,24928347
2026-03-13,307.01,307.69,300.44,302.28,23693092
2026-03-16,304.35,306.4886,303.0201,305.56,23519709
2026-03-17,305.86,311.42,305.5,310.92,21955171
2026-03-18,309.27,312.47,306.932,307.69,20009815
2026-03-19,304.005,308.06,302.35,307.13,25075831
2026-03-20,305.46,306,298.27,301,44364080
2026-03-23,302.11,305.98,300.93,302.06,29326946
2026-03-24,299.2,299.92,290.33,290.44,36864278
2026-03-25,293.44,296,289.24,290.93,29460669
2026-03-26,287.91,287.95,278.5,280.92,39080578
2026-03-27,277.275,279.37,275.26,278.03,6966988
